Name,State,District,Party,Score,Lifetime Score,Letter to President Trump demanding reinstatement of NLRB Member Gwynn Wilcox,"H.R. 77, the Midnight Rules Relief Act. (H.R. 77)","H.R. 1526, The No Rogue Ruling Act (“NORRA”) (H.R. 1526)","H.Con.Res.14, House Fiscal Year 2025 Budget Resolution (H.Con.Res.14)","H.R. 22, The Safeguard American Voter Eligibility (SAVE) Act (H.R. 22)","H.R. 1, One Big Beautiful Bill Act (H.R. 1)","H.R. 4, Rescissions Act of 2025 (H.R. 4)","H.R. 1, One Big Beautiful Bill Act, Cruz Amendment (H.R. 1)","H.R. 3633, Digital Asset Market Clarity Act of 2025 (H.R. 3633)","H.R. 4, Rescissions Act of 2025 (H.R. 4)","H.Res. 936, Rule for National Defense Authorization Act for Fiscal Year 2026 (H.Res. 936)","H.R. 2550, Protecting America's Workforce Act (H.R. 2550)","H.R. 6703, Lower Health Care Premiums for All Americans Act  (H.R. 6703)"
Rep. Nicholas J. Begich III,AK,0,Republican,0%,0%,◯,ｘ,ｘ,ｘ,ｘ,ｘ,ｘ,ｘ,ｘ,ｘ,ｘ,ｘ,ｘ
Rep. Barry Moore,AL,1,Republican,0%,3%,ｘ,ｘ,ｘ,ｘ,ｘ,ｘ,ｘ,ｘ,ｘ,ｘ,ｘ,ｘ,ｘ
Rep. Shomari Figures,AL,2,Democrat,92%,92%,✓,✓,✓,✓,✓,✓,✓,✓,ｘ,✓,✓,✓,✓
Rep. Mike D. Rogers,AL,3,Republican,0%,13%,ｘ,ｘ,ｘ,ｘ,ｘ,ｘ,ｘ,ｘ,ｘ,ｘ,ｘ,ｘ,ｘ
Rep. Robert B. Aderholt,AL,4,Republican,0%,12%,ｘ,ｘ,ｘ,ｘ,ｘ,ｘ,ｘ,ｘ,ｘ,ｘ,ｘ,ｘ,ｘ
Rep. Dale Strong,AL,5,Republican,0%,7%,ｘ,ｘ,ｘ,ｘ,ｘ,ｘ,ｘ,ｘ,ｘ,ｘ,ｘ,ｘ,ｘ
Rep. Gary Palmer,AL,6,Republican,0%,6%,ｘ,ｘ,ｘ,ｘ,ｘ,ｘ,ｘ,ｘ,ｘ,ｘ,ｘ,ｘ,◯
Rep. Terri Sewell,AL,7,Democrat,92%,95%,✓,✓,✓,✓,✓,✓,✓,✓,ｘ,✓,✓,✓,✓
Rep. Rick Crawford,AR,1,Republican,0%,12%,ｘ,◯,ｘ,ｘ,ｘ,ｘ,ｘ,ｘ,ｘ,ｘ,ｘ,ｘ,ｘ
Rep. French Hill,AR,2,Republican,0%,12%,ｘ,ｘ,ｘ,ｘ,ｘ,ｘ,ｘ,ｘ,ｘ,ｘ,ｘ,ｘ,ｘ
Rep. Steve Womack,AR,3,Republican,0%,12%,ｘ,ｘ,ｘ,ｘ,ｘ,ｘ,ｘ,ｘ,ｘ,ｘ,ｘ,ｘ,◯
Rep. Bruce Westerman,AR,4,Republican,0%,10%,ｘ,ｘ,ｘ,ｘ,ｘ,ｘ,ｘ,ｘ,ｘ,ｘ,ｘ,ｘ,ｘ
Rep. David Schweikert,AZ,1,Republican,0%,6%,ｘ,ｘ,ｘ,ｘ,ｘ,◯,ｘ,ｘ,ｘ,ｘ,ｘ,ｘ,ｘ
Rep. Eli Crane,AZ,2,Republican,0%,2%,ｘ,ｘ,ｘ,ｘ,ｘ,ｘ,ｘ,ｘ,ｘ,ｘ,ｘ,ｘ,ｘ
Rep. Yassamin Ansari,AZ,3,Democrat,92%,92%,✓,✓,✓,✓,✓,✓,✓,✓,ｘ,✓,✓,✓,✓
Rep. Greg Stanton,AZ,4,Democrat,92%,99%,✓,✓,✓,✓,✓,✓,✓,✓,ｘ,✓,✓,✓,✓
Rep. Andy Biggs,AZ,5,Republican,0%,11%,ｘ,ｘ,ｘ,ｘ,ｘ,ｘ,ｘ,ｘ,ｘ,ｘ,ｘ,ｘ,ｘ
Rep. Juan Ciscomani,AZ,6,Republican,0%,11%,ｘ,ｘ,ｘ,ｘ,ｘ,ｘ,ｘ,ｘ,ｘ,ｘ,ｘ,ｘ,ｘ
Rep. Adelita S. Grijalva,AZ,7,Democrat,100%,100%,,,,,,,,,,,✓,✓,✓
Rep. Abraham J. Hamadeh,AZ,8,Republican,0%,0%,ｘ,ｘ,ｘ,ｘ,ｘ,ｘ,ｘ,ｘ,ｘ,ｘ,ｘ,ｘ,ｘ
Rep. Paul Gosar,AZ,9,Republican,0%,7%,ｘ,ｘ,ｘ,ｘ,ｘ,ｘ,ｘ,ｘ,ｘ,ｘ,ｘ,ｘ,ｘ
Rep. Doug LaMalfa,CA,1,Republican,0%,13%,ｘ,ｘ,ｘ,ｘ,ｘ,ｘ,ｘ,ｘ,ｘ,ｘ,ｘ,ｘ,ｘ
Rep. Jared Huffman,CA,2,Democrat,100%,97%,✓,✓,✓,✓,✓,✓,✓,✓,✓,✓,✓,✓,✓
Rep. Kevin Kiley,CA,3,Republican,0%,11%,ｘ,ｘ,ｘ,ｘ,ｘ,ｘ,ｘ,ｘ,ｘ,ｘ,ｘ,ｘ,ｘ
Rep. Mike Thompson,CA,4,Democrat,92%,97%,✓,✓,✓,✓,✓,✓,✓,✓,ｘ,✓,✓,✓,✓
Rep. Tom McClintock,CA,5,Republican,0%,7%,ｘ,ｘ,ｘ,ｘ,ｘ,ｘ,ｘ,ｘ,ｘ,ｘ,ｘ,ｘ,ｘ
Rep. Ami Bera,CA,6,Democrat,92%,91%,✓,✓,✓,✓,✓,✓,✓,✓,ｘ,✓,✓,✓,✓
Rep. Doris Matsui,CA,7,Democrat,100%,98%,✓,✓,✓,✓,✓,✓,✓,✓,✓,✓,✓,✓,✓
Rep. John Garamendi,CA,8,Democrat,100%,99%,✓,✓,✓,✓,✓,✓,✓,✓,✓,✓,✓,✓,✓
Rep. Josh Harder,CA,9,Democrat,92%,98%,✓,✓,✓,✓,✓,✓,✓,✓,ｘ,✓,✓,✓,✓
Rep. Mark DeSaulnier,CA,10,Democrat,100%,99%,✓,✓,✓,✓,✓,✓,✓,✓,✓,✓,✓,✓,✓
Rep. Nancy Pelosi,CA,11,Democrat,92%,97%,✓,✓,✓,✓,✓,✓,✓,✓,ｘ,✓,✓,✓,✓
Rep. Lateefah Simon,CA,12,Democrat,92%,92%,✓,✓,✓,✓,✓,✓,✓,✓,ｘ,✓,✓,✓,✓
Rep. Adam Gray,CA,13,Democrat,92%,92%,✓,✓,✓,✓,✓,✓,✓,✓,ｘ,✓,✓,✓,✓
Rep. Eric Swalwell,CA,14,Democrat,100%,98%,✓,✓,✓,✓,✓,✓,✓,✓,✓,✓,◯,◯,◯
Rep. Kevin Mullin,CA,15,Democrat,92%,98%,✓,◯,✓,✓,✓,✓,✓,✓,ｘ,✓,✓,✓,✓
Rep. Sam T. Liccardo,CA,16,Democrat,100%,100%,✓,✓,✓,✓,✓,✓,✓,✓,✓,✓,✓,✓,✓
Rep. Ro Khanna,CA,17,Democrat,92%,97%,✓,✓,✓,✓,✓,✓,✓,✓,ｘ,✓,✓,✓,✓
Rep. Zoe Lofgren,CA,18,Democrat,92%,97%,✓,✓,✓,✓,✓,✓,✓,✓,ｘ,✓,✓,✓,✓
Rep. Jimmy Panetta,CA,19,Democrat,92%,95%,✓,✓,✓,✓,✓,✓,✓,✓,ｘ,✓,✓,✓,✓
Rep. Vince Fong,CA,20,Republican,0%,4%,ｘ,ｘ,ｘ,ｘ,ｘ,ｘ,ｘ,ｘ,ｘ,ｘ,ｘ,ｘ,ｘ
Rep. Jim Costa,CA,21,Democrat,92%,86%,✓,✓,✓,✓,✓,✓,✓,✓,ｘ,✓,✓,✓,✓
Rep. David Valadao,CA,22,Republican,9%,26%,ｘ,ｘ,ｘ,◯,◯,ｘ,ｘ,ｘ,ｘ,ｘ,ｘ,✓,ｘ
Rep. Jay Obernolte,CA,23,Republican,0%,6%,ｘ,ｘ,ｘ,ｘ,ｘ,ｘ,ｘ,ｘ,ｘ,ｘ,ｘ,ｘ,ｘ
Rep. Salud Carbajal,CA,24,Democrat,92%,96%,✓,✓,✓,✓,✓,✓,✓,✓,ｘ,✓,✓,✓,✓
Rep. Raul Ruiz,CA,25,Democrat,92%,96%,✓,✓,✓,✓,✓,✓,✓,✓,ｘ,✓,✓,✓,✓
Rep. Julia Brownley,CA,26,Democrat,100%,97%,✓,✓,✓,✓,✓,✓,✓,✓,✓,✓,✓,✓,✓
Rep. George Whitesides,CA,27,Democrat,92%,92%,✓,✓,✓,✓,✓,✓,✓,✓,ｘ,✓,✓,✓,✓
Rep. Judy Chu,CA,28,Democrat,100%,99%,✓,✓,✓,✓,✓,✓,✓,✓,✓,✓,✓,✓,✓
Rep. Luz M. Rivas,CA,29,Democrat,100%,100%,✓,✓,✓,✓,✓,✓,✓,✓,✓,✓,✓,✓,✓
Rep. Laura Friedman,CA,30,Democrat,100%,100%,✓,✓,✓,✓,✓,✓,✓,✓,✓,✓,✓,✓,✓
Rep. Gilbert Cisneros,CA,31,Democrat,100%,100%,✓,✓,✓,✓,✓,✓,✓,✓,✓,✓,✓,✓,✓
Rep. Brad Sherman,CA,32,Democrat,100%,98%,✓,✓,✓,✓,✓,✓,✓,✓,✓,✓,✓,✓,✓
Rep. Pete Aguilar,CA,33,Democrat,92%,95%,✓,✓,✓,✓,✓,✓,✓,✓,ｘ,✓,✓,✓,✓
Rep. Jimmy Gomez,CA,34,Democrat,92%,99%,✓,◯,✓,✓,✓,✓,✓,✓,ｘ,✓,✓,✓,✓
Rep. Norma Torres,CA,35,Democrat,100%,98%,✓,✓,✓,✓,✓,✓,✓,✓,✓,✓,✓,✓,✓
Rep. Ted Lieu,CA,36,Democrat,92%,97%,✓,✓,✓,✓,✓,✓,✓,✓,ｘ,✓,✓,✓,✓
Rep. Sydney Kamlager-Dove,CA,37,Democrat,100%,100%,✓,✓,✓,✓,✓,✓,✓,✓,✓,✓,✓,✓,✓
Rep. Linda T. Sánchez,CA,38,Democrat,100%,99%,✓,✓,✓,✓,✓,✓,✓,✓,✓,✓,◯,✓,✓
Rep. Mark Takano,CA,39,Democrat,100%,98%,✓,✓,✓,✓,✓,✓,✓,✓,✓,✓,✓,✓,✓
Rep. Young Kim,CA,40,Republican,0%,13%,ｘ,ｘ,ｘ,ｘ,ｘ,ｘ,ｘ,ｘ,ｘ,ｘ,ｘ,ｘ,ｘ
Rep. Ken Calvert,CA,41,Republican,0%,14%,ｘ,ｘ,ｘ,ｘ,ｘ,ｘ,ｘ,ｘ,ｘ,ｘ,ｘ,ｘ,ｘ
Rep. Robert Garcia,CA,42,Democrat,100%,100%,✓,✓,✓,✓,✓,✓,✓,✓,✓,✓,✓,✓,✓
Rep. Maxine Waters,CA,43,Democrat,100%,99%,✓,✓,✓,✓,✓,✓,✓,✓,✓,✓,✓,✓,✓
Rep. Nanette Barragán,CA,44,Democrat,100%,98%,✓,✓,✓,✓,✓,✓,✓,✓,✓,✓,✓,✓,✓
Rep. Derek Tran,CA,45,Democrat,92%,92%,✓,✓,✓,✓,✓,✓,✓,✓,ｘ,✓,✓,✓,✓
Rep. J. Luis Correa,CA,46,Democrat,92%,91%,✓,✓,✓,✓,✓,✓,◯,✓,ｘ,✓,✓,✓,✓
Rep. Dave Min,CA,47,Democrat,92%,92%,✓,✓,✓,✓,✓,✓,✓,✓,ｘ,✓,✓,✓,✓
Rep. Darrell Issa,CA,48,Republican,0%,9%,ｘ,ｘ,ｘ,ｘ,ｘ,ｘ,ｘ,ｘ,ｘ,ｘ,ｘ,ｘ,ｘ
Rep. Mike Levin,CA,49,Democrat,92%,99%,✓,✓,✓,✓,✓,✓,✓,✓,ｘ,✓,✓,✓,✓
Rep. Scott Peters,CA,50,Democrat,100%,90%,✓,✓,✓,✓,✓,✓,✓,✓,✓,✓,✓,✓,✓
Rep. Sara Jacobs,CA,51,Democrat,100%,100%,✓,✓,✓,✓,✓,✓,✓,✓,✓,✓,✓,✓,✓
Rep. Juan Vargas,CA,52,Democrat,100%,99%,◯,✓,✓,✓,✓,✓,✓,✓,✓,✓,✓,✓,✓
Rep. Diana DeGette,CO,1,Democrat,100%,97%,✓,✓,✓,✓,✓,✓,✓,✓,✓,✓,✓,✓,✓
Rep. Joe Neguse,CO,2,Democrat,100%,99%,✓,✓,✓,✓,✓,✓,✓,✓,✓,✓,✓,✓,✓
Rep. Jeff Hurd,CO,3,Republican,0%,0%,ｘ,ｘ,ｘ,ｘ,ｘ,ｘ,ｘ,ｘ,ｘ,ｘ,ｘ,ｘ,ｘ
Rep. Lauren Boebert,CO,4,Republican,0%,4%,ｘ,ｘ,ｘ,ｘ,ｘ,ｘ,ｘ,ｘ,ｘ,ｘ,ｘ,ｘ,ｘ
Rep. Jeff Crank,CO,5,Republican,0%,0%,ｘ,ｘ,ｘ,ｘ,ｘ,ｘ,ｘ,ｘ,ｘ,ｘ,ｘ,ｘ,ｘ
Rep. Jason Crow,CO,6,Democrat,100%,100%,✓,✓,✓,✓,✓,✓,✓,✓,✓,✓,✓,✓,✓
Rep. Brittany Pettersen,CO,7,Democrat,100%,100%,✓,◯,✓,✓,✓,✓,✓,✓,✓,✓,✓,✓,✓
Rep. Gabe Evans,CO,8,Republican,8%,8%,ｘ,ｘ,ｘ,ｘ,ｘ,ｘ,ｘ,ｘ,ｘ,ｘ,ｘ,✓,ｘ
Rep. John B. Larson,CT,1,Democrat,100%,98%,◯,✓,✓,✓,✓,✓,✓,✓,✓,✓,✓,✓,✓
Rep. Joe Courtney,CT,2,Democrat,100%,99%,✓,✓,✓,✓,✓,✓,✓,✓,✓,✓,✓,✓,◯
Rep. Rosa DeLauro,CT,3,Democrat,100%,99%,✓,✓,✓,✓,✓,✓,✓,✓,✓,✓,✓,✓,✓
Rep. Jim Himes,CT,4,Democrat,100%,94%,✓,✓,✓,✓,✓,✓,✓,✓,✓,✓,✓,✓,✓
Rep. Jahana Hayes,CT,5,Democrat,100%,100%,✓,✓,✓,✓,✓,✓,✓,✓,✓,✓,✓,✓,✓
Rep. Sarah McBride,DE,0,Democrat,92%,92%,✓,✓,✓,✓,✓,✓,✓,✓,ｘ,✓,✓,✓,✓
Rep. Jimmy Patronis,FL,1,Republican,0%,0%,,,ｘ,ｘ,ｘ,ｘ,ｘ,ｘ,ｘ,ｘ,ｘ,ｘ,ｘ
Rep. Neal Dunn,FL,2,Republican,0%,12%,ｘ,ｘ,ｘ,ｘ,ｘ,ｘ,ｘ,ｘ,ｘ,ｘ,ｘ,ｘ,ｘ
Rep. Kat Cammack,FL,3,Republican,0%,1%,ｘ,ｘ,ｘ,ｘ,ｘ,ｘ,ｘ,ｘ,ｘ,ｘ,ｘ,ｘ,ｘ
Rep. Aaron Bean,FL,4,Republican,0%,2%,ｘ,ｘ,ｘ,ｘ,ｘ,ｘ,ｘ,ｘ,ｘ,ｘ,ｘ,ｘ,ｘ
Rep. John Rutherford,FL,5,Republican,0%,17%,ｘ,ｘ,ｘ,ｘ,ｘ,ｘ,ｘ,ｘ,ｘ,ｘ,ｘ,◯,ｘ
Rep. Randy Fine,FL,6,Republican,0%,0%,,,ｘ,ｘ,ｘ,ｘ,ｘ,ｘ,ｘ,ｘ,ｘ,ｘ,ｘ
Rep. Michael Waltz,FL,6,Republican,0%,14%,ｘ,,,,,,,,,,,,
Rep. Cory Mills,FL,7,Republican,0%,5%,ｘ,ｘ,ｘ,ｘ,ｘ,ｘ,ｘ,ｘ,ｘ,ｘ,ｘ,ｘ,ｘ
Rep. Mike Haridopolos,FL,8,Republican,0%,0%,ｘ,ｘ,ｘ,ｘ,ｘ,ｘ,ｘ,ｘ,ｘ,ｘ,ｘ,ｘ,ｘ
Rep. Darren Soto,FL,9,Democrat,92%,99%,✓,✓,✓,✓,✓,✓,✓,✓,ｘ,✓,✓,✓,✓
Rep. Maxwell Frost,FL,10,Democrat,100%,100%,✓,✓,✓,✓,✓,✓,✓,✓,✓,✓,✓,✓,✓
Rep. Daniel Webster,FL,11,Republican,0%,10%,◯,ｘ,ｘ,ｘ,ｘ,ｘ,ｘ,ｘ,ｘ,ｘ,ｘ,ｘ,ｘ
Rep. Gus Bilirakis,FL,12,Republican,0%,11%,ｘ,ｘ,ｘ,ｘ,ｘ,ｘ,ｘ,ｘ,ｘ,ｘ,ｘ,ｘ,ｘ
Rep. Anna Paulina Luna,FL,13,Republican,0%,3%,ｘ,◯,ｘ,ｘ,ｘ,ｘ,ｘ,ｘ,ｘ,ｘ,ｘ,ｘ,ｘ
Rep. Kathy Castor,FL,14,Democrat,100%,97%,✓,✓,✓,✓,✓,✓,✓,✓,✓,✓,✓,✓,✓
Rep. Laurel Lee,FL,15,Republican,0%,7%,ｘ,ｘ,ｘ,ｘ,ｘ,ｘ,◯,ｘ,ｘ,ｘ,ｘ,ｘ,ｘ
Rep. Vern Buchanan,FL,16,Republican,0%,13%,ｘ,ｘ,ｘ,ｘ,ｘ,ｘ,ｘ,ｘ,ｘ,ｘ,ｘ,ｘ,ｘ
Rep. Greg Steube,FL,17,Republican,0%,5%,ｘ,ｘ,ｘ,ｘ,ｘ,ｘ,ｘ,ｘ,ｘ,ｘ,ｘ,ｘ,ｘ
Rep. Scott Franklin,FL,18,Republican,0%,3%,ｘ,ｘ,ｘ,ｘ,ｘ,ｘ,ｘ,ｘ,ｘ,ｘ,ｘ,ｘ,ｘ
Rep. Byron Donalds,FL,19,Republican,0%,1%,ｘ,◯,ｘ,ｘ,ｘ,ｘ,ｘ,ｘ,ｘ,ｘ,ｘ,◯,ｘ
Rep. Sheila Cherfilus-McCormick,FL,20,Democrat,100%,100%,✓,✓,✓,✓,✓,✓,✓,✓,✓,✓,✓,✓,✓
Rep. Brian Mast,FL,21,Republican,0%,19%,ｘ,ｘ,ｘ,ｘ,ｘ,ｘ,ｘ,ｘ,ｘ,ｘ,ｘ,ｘ,ｘ
Rep. Lois Frankel,FL,22,Democrat,92%,99%,✓,✓,✓,✓,✓,✓,✓,✓,ｘ,✓,✓,✓,✓
Rep. Jared Moskowitz,FL,23,Democrat,92%,95%,✓,✓,✓,✓,✓,✓,✓,✓,ｘ,✓,✓,✓,✓
Rep. Frederica Wilson,FL,24,Democrat,100%,99%,✓,◯,✓,✓,✓,✓,✓,✓,✓,✓,✓,✓,✓
Rep. Debbie Wasserman Schultz,FL,25,Democrat,100%,97%,✓,✓,✓,✓,✓,✓,✓,✓,✓,✓,✓,✓,✓
Rep. Mario Diaz-Balart,FL,26,Republican,0%,35%,ｘ,ｘ,ｘ,ｘ,ｘ,ｘ,ｘ,ｘ,ｘ,ｘ,ｘ,◯,ｘ
Rep. Maria Elvira Salazar,FL,27,Republican,0%,24%,ｘ,ｘ,ｘ,ｘ,ｘ,ｘ,ｘ,ｘ,ｘ,ｘ,◯,◯,ｘ
Rep. Carlos Giménez,FL,28,Republican,0%,18%,ｘ,ｘ,ｘ,ｘ,ｘ,ｘ,ｘ,ｘ,ｘ,ｘ,◯,◯,ｘ
Rep. Buddy Carter,GA,1,Republican,0%,9%,ｘ,ｘ,ｘ,ｘ,ｘ,ｘ,ｘ,ｘ,ｘ,ｘ,ｘ,ｘ,ｘ
Rep. Sanford D. Bishop Jr.,GA,2,Democrat,100%,95%,✓,✓,✓,✓,✓,✓,✓,✓,✓,✓,✓,✓,✓
Rep. Brian Jack,GA,3,Republican,0%,0%,ｘ,ｘ,ｘ,ｘ,ｘ,ｘ,ｘ,ｘ,ｘ,ｘ,ｘ,ｘ,ｘ
Rep. Hank Johnson,GA,4,Democrat,100%,98%,✓,✓,✓,✓,✓,✓,✓,✓,✓,✓,✓,✓,✓
Rep. Nikema Williams,GA,5,Democrat,100%,100%,✓,✓,✓,✓,✓,✓,✓,✓,✓,✓,✓,✓,✓
Rep. Lucy McBath,GA,6,Democrat,92%,98%,✓,✓,✓,✓,✓,✓,✓,✓,ｘ,✓,✓,✓,◯
Rep. Rich McCormick,GA,7,Republican,0%,2%,ｘ,ｘ,ｘ,ｘ,ｘ,ｘ,ｘ,ｘ,ｘ,ｘ,ｘ,ｘ,ｘ
Rep. Austin Scott,GA,8,Republican,0%,12%,ｘ,ｘ,ｘ,ｘ,ｘ,ｘ,ｘ,ｘ,ｘ,ｘ,ｘ,ｘ,ｘ
Rep. Andrew Clyde,GA,9,Republican,0%,3%,ｘ,ｘ,ｘ,ｘ,ｘ,ｘ,ｘ,ｘ,ｘ,ｘ,ｘ,ｘ,ｘ
Rep. Mike Collins,GA,10,Republican,0%,2%,ｘ,ｘ,ｘ,ｘ,ｘ,ｘ,ｘ,ｘ,ｘ,ｘ,ｘ,ｘ,ｘ
Rep. Barry Loudermilk,GA,11,Republican,0%,7%,ｘ,ｘ,ｘ,ｘ,ｘ,ｘ,ｘ,ｘ,ｘ,ｘ,ｘ,ｘ,ｘ
Rep. Rick Allen,GA,12,Republican,0%,8%,ｘ,ｘ,ｘ,ｘ,ｘ,ｘ,ｘ,ｘ,ｘ,ｘ,ｘ,ｘ,ｘ
Rep. David Scott,GA,13,Democrat,100%,97%,✓,✓,✓,✓,✓,✓,✓,✓,✓,✓,✓,✓,✓
Rep. Marjorie Taylor Greene,GA,14,Republican,0%,1%,ｘ,ｘ,ｘ,ｘ,◯,ｘ,ｘ,ｘ,ｘ,ｘ,ｘ,ｘ,ｘ
Rep. Ed Case,HI,1,Democrat,92%,94%,✓,✓,✓,✓,ｘ,✓,✓,✓,✓,✓,✓,✓,✓
Rep. Jill Tokuda,HI,2,Democrat,100%,100%,✓,✓,✓,✓,✓,✓,✓,✓,✓,✓,✓,✓,✓
Rep. Mariannette Miller-Meeks,IA,1,Republican,8%,9%,ｘ,ｘ,ｘ,ｘ,ｘ,ｘ,ｘ,ｘ,ｘ,ｘ,ｘ,✓,ｘ
Rep. Ashley Hinson,IA,2,Republican,0%,8%,ｘ,ｘ,ｘ,ｘ,ｘ,ｘ,ｘ,ｘ,ｘ,ｘ,ｘ,ｘ,ｘ
Rep. Zach Nunn,IA,3,Republican,8%,9%,ｘ,ｘ,ｘ,ｘ,ｘ,ｘ,ｘ,ｘ,ｘ,ｘ,ｘ,✓,ｘ
Rep. Randy Feenstra,IA,4,Republican,0%,6%,ｘ,ｘ,ｘ,ｘ,ｘ,ｘ,ｘ,ｘ,ｘ,ｘ,ｘ,ｘ,ｘ
Rep. Russ Fulcher,ID,1,Republican,0%,6%,ｘ,ｘ,ｘ,ｘ,ｘ,ｘ,ｘ,ｘ,ｘ,ｘ,ｘ,ｘ,ｘ
Rep. Mike Simpson,ID,2,Republican,0%,20%,ｘ,ｘ,ｘ,ｘ,ｘ,ｘ,ｘ,ｘ,ｘ,ｘ,ｘ,ｘ,ｘ
Rep. Jonathan Jackson,IL,1,Democrat,92%,96%,✓,✓,✓,✓,✓,✓,✓,✓,ｘ,✓,✓,✓,✓
Rep. Robin Kelly,IL,2,Democrat,100%,99%,✓,✓,✓,✓,✓,✓,✓,✓,✓,✓,✓,✓,✓
Rep. Delia Ramirez,IL,3,Democrat,100%,100%,✓,✓,✓,✓,✓,✓,✓,✓,✓,✓,✓,✓,✓
Rep. Jesús García,IL,4,Democrat,100%,97%,✓,✓,✓,✓,✓,✓,✓,✓,✓,✓,✓,✓,✓
Rep. Mike Quigley,IL,5,Democrat,100%,95%,✓,✓,✓,✓,✓,✓,✓,✓,✓,✓,✓,✓,✓
Rep. Sean Casten,IL,6,Democrat,100%,100%,✓,✓,✓,✓,✓,✓,✓,✓,✓,✓,✓,✓,✓
Rep. Danny K. Davis,IL,7,Democrat,100%,99%,✓,✓,✓,✓,✓,✓,✓,✓,✓,✓,✓,✓,✓
Rep. Raja Krishnamoorthi,IL,8,Democrat,92%,98%,✓,✓,✓,✓,✓,✓,✓,✓,ｘ,✓,✓,✓,✓
Rep. Jan Schakowsky,IL,9,Democrat,100%,99%,✓,✓,✓,✓,✓,✓,✓,✓,✓,✓,✓,✓,✓
Rep. Brad Schneider,IL,10,Democrat,92%,95%,✓,✓,✓,✓,✓,✓,✓,✓,ｘ,✓,✓,✓,✓
Rep. Bill Foster,IL,11,Democrat,100%,96%,✓,✓,✓,✓,✓,✓,✓,✓,✓,✓,✓,✓,✓
Rep. Mike Bost,IL,12,Republican,8%,32%,ｘ,ｘ,ｘ,ｘ,ｘ,ｘ,ｘ,ｘ,ｘ,ｘ,ｘ,✓,ｘ
Rep. Nikki Budzinski,IL,13,Democrat,92%,98%,✓,✓,✓,✓,✓,✓,✓,✓,ｘ,✓,✓,✓,✓
Rep. Lauren Underwood,IL,14,Democrat,100%,100%,✓,✓,✓,✓,✓,✓,✓,✓,✓,✓,✓,✓,✓
Rep. Mary Miller,IL,15,Republican,0%,1%,ｘ,ｘ,ｘ,ｘ,ｘ,ｘ,ｘ,ｘ,ｘ,ｘ,ｘ,ｘ,ｘ
Rep. Darin M. LaHood,IL,16,Republican,0%,14%,ｘ,ｘ,ｘ,ｘ,ｘ,ｘ,ｘ,ｘ,ｘ,ｘ,ｘ,ｘ,ｘ
Rep. Eric Sorensen,IL,17,Democrat,92%,95%,✓,✓,✓,✓,✓,✓,✓,✓,ｘ,✓,✓,✓,✓
Rep. Frank Mrvan,IN,1,Democrat,100%,100%,✓,✓,✓,✓,✓,✓,✓,✓,✓,✓,✓,✓,✓
Rep. Rudy Yakym,IN,2,Republican,0%,4%,ｘ,ｘ,ｘ,ｘ,ｘ,ｘ,ｘ,ｘ,ｘ,ｘ,ｘ,ｘ,ｘ
Rep. Marlin Stutzman,IN,3,Republican,0%,6%,ｘ,ｘ,ｘ,ｘ,ｘ,ｘ,ｘ,ｘ,ｘ,ｘ,ｘ,ｘ,ｘ
Rep. James Baird,IN,4,Republican,0%,11%,ｘ,ｘ,ｘ,ｘ,ｘ,ｘ,ｘ,ｘ,ｘ,ｘ,ｘ,ｘ,ｘ
Rep. Victoria Spartz,IN,5,Republican,8%,4%,ｘ,ｘ,ｘ,✓,ｘ,ｘ,ｘ,ｘ,ｘ,ｘ,ｘ,ｘ,ｘ
Rep. Jefferson Shreve,IN,6,Republican,0%,0%,ｘ,ｘ,ｘ,ｘ,ｘ,ｘ,ｘ,ｘ,ｘ,ｘ,ｘ,ｘ,ｘ
Rep. André Carson,IN,7,Democrat,100%,98%,✓,✓,✓,✓,✓,✓,✓,✓,✓,✓,✓,✓,✓
Rep. Mark B. Messmer,IN,8,Republican,0%,0%,ｘ,ｘ,ｘ,ｘ,ｘ,ｘ,ｘ,ｘ,ｘ,ｘ,ｘ,ｘ,ｘ
Rep. Erin Houchin,IN,9,Republican,0%,7%,ｘ,ｘ,ｘ,ｘ,ｘ,ｘ,ｘ,ｘ,ｘ,ｘ,ｘ,ｘ,ｘ
Rep. Tracey Mann,KS,1,Republican,0%,1%,ｘ,ｘ,ｘ,ｘ,ｘ,ｘ,ｘ,ｘ,ｘ,ｘ,ｘ,ｘ,ｘ
Rep. Derek Schmidt,KS,2,Republican,0%,0%,ｘ,ｘ,ｘ,ｘ,ｘ,ｘ,ｘ,ｘ,ｘ,ｘ,ｘ,ｘ,ｘ
Rep. Sharice Davids,KS,3,Democrat,100%,99%,✓,✓,✓,✓,✓,✓,✓,✓,✓,✓,✓,✓,✓
Rep. Ron Estes,KS,4,Republican,0%,9%,ｘ,ｘ,ｘ,ｘ,ｘ,ｘ,ｘ,ｘ,ｘ,ｘ,ｘ,ｘ,ｘ
Rep. James Comer,KY,1,Republican,0%,11%,ｘ,ｘ,ｘ,ｘ,ｘ,ｘ,ｘ,ｘ,ｘ,ｘ,ｘ,ｘ,ｘ
Rep. Brett Guthrie,KY,2,Republican,0%,11%,ｘ,ｘ,ｘ,ｘ,ｘ,ｘ,ｘ,ｘ,ｘ,ｘ,ｘ,ｘ,ｘ
Rep. Morgan McGarvey,KY,3,Democrat,100%,100%,✓,✓,✓,✓,✓,✓,✓,✓,✓,✓,✓,✓,✓
Rep. Thomas Massie,KY,4,Republican,42%,16%,ｘ,ｘ,ｘ,✓,ｘ,✓,ｘ,✓,◯,ｘ,✓,ｘ,✓
Rep. Harold Rogers,KY,5,Republican,0%,14%,ｘ,ｘ,ｘ,ｘ,ｘ,ｘ,ｘ,ｘ,ｘ,ｘ,ｘ,ｘ,ｘ
Rep. Andy Barr,KY,6,Republican,0%,9%,ｘ,ｘ,ｘ,ｘ,ｘ,ｘ,ｘ,ｘ,ｘ,ｘ,ｘ,ｘ,ｘ
Rep. Steve Scalise,LA,1,Republican,0%,9%,ｘ,ｘ,ｘ,ｘ,ｘ,ｘ,ｘ,ｘ,ｘ,ｘ,ｘ,ｘ,ｘ
Rep. Troy Carter,LA,2,Democrat,100%,100%,✓,✓,✓,✓,✓,✓,✓,✓,✓,✓,✓,✓,✓
Rep. Clay Higgins,LA,3,Republican,0%,8%,ｘ,ｘ,ｘ,ｘ,ｘ,ｘ,ｘ,ｘ,ｘ,ｘ,ｘ,ｘ,ｘ
Rep. Mike Johnson,LA,4,Republican,0%,9%,ｘ,ｘ,ｘ,ｘ,ｘ,ｘ,ｘ,ｘ,ｘ,ｘ,ｘ,ｘ,ｘ
Rep. Julia Letlow,LA,5,Republican,0%,6%,ｘ,ｘ,ｘ,ｘ,ｘ,ｘ,ｘ,ｘ,ｘ,ｘ,ｘ,ｘ,ｘ
Rep. Cleo Fields,LA,6,Democrat,92%,92%,✓,✓,✓,✓,✓,✓,✓,✓,ｘ,✓,✓,✓,✓
Rep. Richard E. Neal,MA,1,Democrat,100%,98%,◯,✓,✓,✓,✓,✓,✓,✓,✓,✓,✓,✓,✓
Rep. Jim McGovern,MA,2,Democrat,100%,98%,✓,✓,✓,✓,✓,✓,✓,✓,✓,✓,✓,✓,✓
Rep. Lori Trahan,MA,3,Democrat,100%,99%,✓,✓,✓,✓,✓,✓,✓,✓,✓,✓,✓,✓,✓
Rep. Jake Auchincloss,MA,4,Democrat,92%,97%,✓,✓,✓,✓,✓,✓,✓,✓,ｘ,✓,✓,✓,✓
Rep. Katherine Clark,MA,5,Democrat,100%,99%,✓,✓,✓,✓,✓,✓,✓,✓,✓,✓,✓,✓,✓
Rep. Seth Moulton,MA,6,Democrat,92%,97%,✓,✓,✓,✓,✓,✓,✓,✓,ｘ,✓,✓,✓,✓
Rep. Ayanna Pressley,MA,7,Democrat,100%,94%,✓,✓,✓,✓,✓,✓,✓,✓,✓,✓,✓,✓,✓
Rep. Stephen F. Lynch,MA,8,Democrat,100%,99%,◯,✓,✓,✓,✓,✓,✓,✓,✓,✓,✓,✓,✓
Rep. Bill Keating,MA,9,Democrat,100%,98%,✓,✓,✓,✓,✓,✓,✓,✓,✓,✓,✓,✓,✓
Rep. Andy Harris,MD,1,Republican,0%,6%,ｘ,ｘ,ｘ,ｘ,ｘ,◯,ｘ,ｘ,ｘ,ｘ,ｘ,ｘ,ｘ
"Rep. Johnny Olszewski, Jr.",MD,2,Democrat,100%,100%,✓,✓,✓,✓,✓,✓,✓,✓,✓,✓,✓,✓,✓
Rep. Sarah Elfreth,MD,3,Democrat,100%,100%,✓,✓,✓,✓,✓,✓,✓,✓,✓,✓,✓,✓,✓
Rep. Glenn Ivey,MD,4,Democrat,100%,100%,✓,✓,✓,✓,✓,✓,✓,✓,✓,✓,✓,✓,✓
Rep. Steny H. Hoyer,MD,5,Democrat,100%,98%,✓,✓,✓,✓,✓,✓,✓,✓,✓,✓,✓,✓,✓
Rep. April McClain Delaney,MD,6,Democrat,92%,92%,✓,✓,✓,✓,✓,✓,✓,✓,ｘ,✓,✓,✓,✓
Rep. Kweisi Mfume,MD,7,Democrat,100%,100%,✓,✓,✓,✓,✓,✓,✓,✓,✓,✓,✓,✓,✓
Rep. Jamie Raskin,MD,8,Democrat,100%,98%,✓,✓,✓,✓,✓,✓,✓,✓,✓,✓,✓,✓,✓
Rep. Chellie Pingree,ME,1,Democrat,100%,99%,✓,✓,✓,✓,✓,✓,✓,✓,✓,✓,✓,✓,✓
Rep. Jared Golden,ME,2,Democrat,85%,85%,✓,✓,✓,✓,ｘ,✓,✓,✓,ｘ,✓,✓,✓,✓
Rep. Jack Bergman,MI,1,Republican,0%,17%,ｘ,ｘ,ｘ,ｘ,ｘ,ｘ,ｘ,ｘ,ｘ,ｘ,ｘ,ｘ,ｘ
Rep. John Moolenaar,MI,2,Republican,0%,14%,ｘ,ｘ,ｘ,ｘ,ｘ,ｘ,ｘ,ｘ,ｘ,ｘ,ｘ,ｘ,ｘ
Rep. Hillary Scholten,MI,3,Democrat,92%,93%,✓,✓,✓,✓,✓,✓,✓,✓,ｘ,✓,✓,✓,✓
Rep. Bill Huizenga,MI,4,Republican,0%,9%,ｘ,ｘ,ｘ,ｘ,ｘ,ｘ,ｘ,ｘ,ｘ,ｘ,ｘ,ｘ,ｘ
Rep. Tim Walberg,MI,5,Republican,0%,12%,ｘ,ｘ,ｘ,ｘ,ｘ,ｘ,ｘ,ｘ,ｘ,ｘ,ｘ,ｘ,ｘ
Rep. Debbie Dingell,MI,6,Democrat,100%,99%,✓,✓,✓,✓,✓,✓,✓,✓,✓,✓,✓,✓,✓
Rep. Tom Barrett,MI,7,Republican,0%,0%,ｘ,ｘ,ｘ,ｘ,ｘ,ｘ,ｘ,ｘ,ｘ,ｘ,ｘ,ｘ,ｘ
Rep. Kristen McDonald Rivet,MI,8,Democrat,92%,92%,✓,✓,✓,✓,✓,✓,✓,✓,ｘ,✓,✓,✓,✓
Rep. Lisa McClain,MI,9,Republican,0%,4%,ｘ,ｘ,ｘ,ｘ,ｘ,ｘ,ｘ,ｘ,ｘ,ｘ,ｘ,ｘ,ｘ
Rep. John James,MI,10,Republican,0%,7%,ｘ,ｘ,ｘ,ｘ,ｘ,ｘ,ｘ,ｘ,ｘ,ｘ,ｘ,ｘ,ｘ
Rep. Haley Stevens,MI,11,Democrat,92%,99%,✓,✓,✓,✓,✓,✓,✓,✓,ｘ,✓,✓,✓,✓
Rep. Rashida Tlaib,MI,12,Democrat,100%,95%,✓,✓,✓,✓,✓,✓,✓,✓,✓,✓,✓,✓,✓
Rep. Shri Thanedar,MI,13,Democrat,92%,98%,✓,✓,✓,✓,✓,✓,✓,✓,ｘ,✓,✓,✓,✓
Rep. Brad Finstad,MN,1,Republican,0%,8%,ｘ,ｘ,ｘ,ｘ,ｘ,ｘ,◯,ｘ,ｘ,ｘ,ｘ,ｘ,ｘ
Rep. Angie Craig,MN,2,Democrat,92%,98%,✓,✓,✓,✓,✓,✓,✓,✓,ｘ,✓,✓,✓,✓
Rep. Kelly Morrison,MN,3,Democrat,100%,100%,✓,✓,✓,✓,✓,✓,✓,✓,✓,✓,✓,✓,✓
Rep. Betty McCollum,MN,4,Democrat,100%,98%,✓,✓,✓,✓,✓,✓,✓,✓,✓,✓,✓,✓,✓
Rep. Ilhan Omar,MN,5,Democrat,100%,94%,✓,✓,✓,✓,✓,✓,✓,✓,✓,✓,✓,✓,✓
Rep. Tom Emmer,MN,6,Republican,0%,18%,ｘ,ｘ,ｘ,ｘ,ｘ,ｘ,ｘ,ｘ,ｘ,ｘ,ｘ,ｘ,ｘ
Rep. Michelle Fischbach,MN,7,Republican,0%,9%,ｘ,ｘ,ｘ,ｘ,ｘ,ｘ,ｘ,ｘ,ｘ,ｘ,ｘ,ｘ,ｘ
Rep. Pete Stauber,MN,8,Republican,8%,30%,ｘ,ｘ,ｘ,ｘ,ｘ,ｘ,ｘ,ｘ,ｘ,ｘ,ｘ,✓,ｘ
Rep. Wesley Bell,MO,1,Democrat,100%,100%,✓,✓,✓,✓,✓,✓,✓,✓,✓,✓,✓,✓,✓
Rep. Ann Wagner,MO,2,Republican,0%,13%,ｘ,ｘ,ｘ,ｘ,ｘ,ｘ,ｘ,ｘ,ｘ,ｘ,ｘ,ｘ,ｘ
"Rep. Robert F. Onder, Jr.",MO,3,Republican,0%,0%,ｘ,ｘ,ｘ,◯,◯,ｘ,ｘ,ｘ,ｘ,ｘ,ｘ,ｘ,ｘ
Rep. Mark Alford,MO,4,Republican,0%,7%,ｘ,ｘ,ｘ,ｘ,ｘ,ｘ,ｘ,ｘ,ｘ,ｘ,ｘ,ｘ,ｘ
Rep. Emanuel Cleaver II,MO,5,Democrat,100%,98%,✓,✓,✓,✓,✓,✓,✓,✓,✓,✓,✓,✓,✓
Rep. Sam Graves,MO,6,Republican,0%,17%,ｘ,ｘ,ｘ,ｘ,ｘ,ｘ,ｘ,ｘ,ｘ,ｘ,ｘ,ｘ,ｘ
Rep. Eric Burlison,MO,7,Republican,0%,2%,ｘ,ｘ,ｘ,ｘ,ｘ,ｘ,ｘ,ｘ,ｘ,◯,ｘ,ｘ,ｘ
Rep. Jason Smith,MO,8,Republican,0%,9%,ｘ,◯,ｘ,ｘ,ｘ,ｘ,ｘ,ｘ,ｘ,ｘ,ｘ,ｘ,ｘ
Rep. Trent Kelly,MS,1,Republican,0%,9%,ｘ,ｘ,ｘ,ｘ,ｘ,ｘ,ｘ,ｘ,ｘ,ｘ,ｘ,ｘ,ｘ
Rep. Bennie Thompson,MS,2,Democrat,100%,98%,✓,✓,✓,✓,✓,✓,✓,✓,✓,✓,✓,✓,✓
Rep. Michael Guest,MS,3,Republican,0%,9%,ｘ,ｘ,ｘ,ｘ,ｘ,ｘ,ｘ,ｘ,ｘ,ｘ,ｘ,ｘ,ｘ
Rep. Mike Ezell,MS,4,Republican,0%,4%,ｘ,ｘ,ｘ,ｘ,ｘ,ｘ,ｘ,ｘ,ｘ,ｘ,ｘ,ｘ,ｘ
Rep. Ryan Zinke,MT,1,Republican,0%,14%,ｘ,ｘ,ｘ,ｘ,ｘ,ｘ,ｘ,ｘ,ｘ,ｘ,ｘ,ｘ,ｘ
Rep. Troy Downing,MT,2,Republican,0%,0%,ｘ,ｘ,ｘ,ｘ,ｘ,ｘ,ｘ,ｘ,ｘ,ｘ,ｘ,ｘ,ｘ
Rep. Donald G. Davis,NC,1,Democrat,92%,82%,✓,✓,✓,✓,✓,✓,✓,✓,ｘ,✓,✓,✓,✓
Rep. Deborah Ross,NC,2,Democrat,100%,100%,✓,✓,✓,✓,✓,✓,✓,✓,✓,✓,✓,✓,✓
Rep. Greg Murphy,NC,3,Republican,0%,11%,ｘ,ｘ,ｘ,ｘ,ｘ,ｘ,ｘ,ｘ,ｘ,ｘ,ｘ,ｘ,◯
Rep. Valerie Foushee,NC,4,Democrat,100%,100%,✓,✓,✓,✓,✓,✓,✓,✓,✓,✓,✓,✓,✓
Rep. Virginia Foxx,NC,5,Republican,0%,8%,◯,ｘ,ｘ,ｘ,ｘ,ｘ,ｘ,ｘ,ｘ,ｘ,ｘ,ｘ,ｘ
Rep. Addison P. McDowell,NC,6,Republican,0%,0%,ｘ,ｘ,ｘ,ｘ,ｘ,ｘ,ｘ,ｘ,ｘ,ｘ,ｘ,ｘ,ｘ
Rep. David Rouzer,NC,7,Republican,0%,9%,ｘ,ｘ,ｘ,ｘ,ｘ,ｘ,ｘ,ｘ,ｘ,ｘ,ｘ,ｘ,ｘ
Rep. Mark Harris,NC,8,Republican,0%,0%,ｘ,ｘ,ｘ,ｘ,ｘ,ｘ,ｘ,ｘ,ｘ,ｘ,ｘ,ｘ,ｘ
Rep. Richard Hudson,NC,9,Republican,0%,9%,ｘ,ｘ,ｘ,ｘ,ｘ,ｘ,ｘ,ｘ,ｘ,ｘ,ｘ,ｘ,ｘ
Rep. Pat Harrigan,NC,10,Republican,0%,0%,ｘ,ｘ,ｘ,ｘ,ｘ,ｘ,ｘ,ｘ,ｘ,ｘ,ｘ,ｘ,ｘ
Rep. Chuck Edwards,NC,11,Republican,0%,4%,ｘ,ｘ,ｘ,ｘ,ｘ,ｘ,ｘ,ｘ,ｘ,ｘ,ｘ,ｘ,ｘ
Rep. Alma Adams,NC,12,Democrat,100%,99%,✓,✓,✓,✓,✓,✓,✓,✓,✓,✓,✓,✓,✓
Rep. Brad Knott,NC,13,Republican,0%,0%,ｘ,ｘ,ｘ,ｘ,ｘ,ｘ,ｘ,ｘ,ｘ,ｘ,ｘ,ｘ,ｘ
Rep. Tim Moore,NC,14,Republican,0%,0%,ｘ,ｘ,ｘ,ｘ,ｘ,ｘ,ｘ,ｘ,ｘ,ｘ,ｘ,ｘ,ｘ
Rep. Julie Fedorchak,ND,0,Republican,0%,0%,ｘ,ｘ,ｘ,ｘ,ｘ,ｘ,ｘ,ｘ,ｘ,ｘ,ｘ,ｘ,ｘ
Rep. Mike Flood,NE,1,Republican,0%,6%,ｘ,ｘ,ｘ,ｘ,ｘ,ｘ,ｘ,ｘ,ｘ,ｘ,ｘ,ｘ,ｘ
Rep. Don Bacon,NE,2,Republican,8%,27%,ｘ,ｘ,ｘ,ｘ,ｘ,ｘ,ｘ,ｘ,ｘ,ｘ,ｘ,✓,ｘ
Rep. Adrian Smith,NE,3,Republican,0%,8%,ｘ,ｘ,ｘ,ｘ,ｘ,ｘ,ｘ,ｘ,ｘ,ｘ,ｘ,ｘ,ｘ
Rep. Chris Pappas,NH,1,Democrat,92%,98%,✓,✓,✓,✓,✓,✓,✓,✓,ｘ,✓,✓,✓,✓
Rep. Maggie Goodlander,NH,2,Democrat,92%,92%,✓,✓,✓,✓,✓,✓,✓,✓,ｘ,✓,✓,✓,✓
Rep. Donald W. Norcross,NJ,1,Democrat,100%,98%,✓,✓,◯,◯,◯,✓,◯,✓,✓,✓,✓,✓,✓
Rep. Jefferson Van Drew,NJ,2,Republican,8%,44%,ｘ,ｘ,ｘ,ｘ,ｘ,ｘ,ｘ,ｘ,ｘ,ｘ,ｘ,✓,ｘ
"Rep. Herbert C. Conaway, Jr.",NJ,3,Democrat,92%,92%,✓,✓,✓,✓,✓,✓,✓,✓,ｘ,✓,✓,✓,✓
Rep. Christopher H. Smith,NJ,4,Republican,8%,49%,ｘ,ｘ,ｘ,ｘ,ｘ,ｘ,ｘ,ｘ,ｘ,ｘ,ｘ,✓,ｘ
Rep. Josh Gottheimer,NJ,5,Democrat,92%,91%,✓,◯,✓,✓,✓,✓,✓,✓,ｘ,✓,✓,✓,✓
Rep. Frank Pallone,NJ,6,Democrat,100%,99%,✓,✓,✓,✓,✓,✓,✓,✓,✓,✓,✓,✓,✓
Rep. Thomas Kean,NJ,7,Republican,8%,23%,◯,ｘ,ｘ,ｘ,ｘ,ｘ,ｘ,ｘ,ｘ,ｘ,ｘ,✓,ｘ
Rep. Robert Menendez,NJ,8,Democrat,92%,98%,✓,✓,✓,✓,✓,✓,✓,✓,ｘ,✓,✓,✓,✓
Rep. Nellie Pou,NJ,9,Democrat,92%,92%,✓,✓,✓,✓,✓,✓,✓,✓,ｘ,✓,✓,✓,✓
Rep. LaMonica McIver,NJ,10,Democrat,100%,100%,✓,✓,✓,✓,✓,✓,✓,✓,✓,✓,✓,✓,✓
Rep. Mikie Sherrill,NJ,11,Democrat,90%,99%,✓,✓,✓,✓,✓,✓,✓,✓,ｘ,✓,,,
Rep. Bonnie Watson Coleman,NJ,12,Democrat,100%,98%,✓,✓,✓,✓,✓,✓,✓,✓,✓,✓,✓,✓,✓
Rep. Melanie Stansbury,NM,1,Democrat,100%,100%,✓,✓,✓,✓,✓,✓,✓,✓,✓,✓,✓,✓,✓
Rep. Gabe Vasquez,NM,2,Democrat,92%,96%,✓,✓,✓,✓,✓,✓,✓,✓,ｘ,✓,✓,✓,✓
Rep. Teresa Leger Fernandez,NM,3,Democrat,100%,100%,✓,◯,✓,✓,✓,✓,✓,✓,✓,✓,✓,✓,✓
Rep. Dina Titus,NV,1,Democrat,100%,99%,✓,✓,✓,✓,✓,✓,✓,✓,✓,✓,✓,✓,✓
Rep. Mark Amodei,NV,2,Republican,8%,16%,ｘ,ｘ,ｘ,ｘ,ｘ,ｘ,✓,ｘ,ｘ,ｘ,ｘ,ｘ,ｘ
Rep. Susie Lee,NV,3,Democrat,92%,97%,✓,✓,✓,✓,✓,✓,✓,✓,ｘ,✓,✓,✓,✓
Rep. Steven Horsford,NV,4,Democrat,92%,99%,✓,✓,✓,✓,✓,✓,✓,✓,ｘ,✓,✓,✓,✓
Rep. Nick LaLota,NY,1,Republican,8%,19%,ｘ,ｘ,ｘ,ｘ,ｘ,ｘ,ｘ,ｘ,ｘ,ｘ,ｘ,✓,ｘ
Rep. Andrew Garbarino,NY,2,Republican,8%,23%,ｘ,ｘ,ｘ,ｘ,ｘ,◯,ｘ,ｘ,ｘ,ｘ,ｘ,✓,ｘ
Rep. Thomas Suozzi,NY,3,Democrat,92%,94%,✓,✓,✓,✓,✓,✓,✓,✓,ｘ,◯,✓,✓,✓
Rep. Laura Gillen,NY,4,Democrat,92%,92%,✓,✓,✓,✓,✓,✓,✓,✓,ｘ,✓,✓,✓,✓
Rep. Gregory W. Meeks,NY,5,Democrat,100%,95%,✓,✓,✓,✓,✓,✓,✓,✓,✓,✓,✓,✓,✓
Rep. Grace Meng,NY,6,Democrat,100%,97%,✓,✓,✓,✓,✓,✓,✓,✓,✓,✓,✓,✓,✓
Rep. Nydia M. Velázquez,NY,7,Democrat,100%,99%,✓,✓,✓,✓,✓,✓,✓,✓,✓,✓,✓,✓,✓
Rep. Hakeem Jeffries,NY,8,Democrat,100%,99%,✓,✓,✓,✓,✓,✓,✓,✓,✓,✓,✓,✓,✓
Rep. Yvette D. Clarke,NY,9,Democrat,100%,98%,✓,✓,✓,✓,✓,✓,✓,✓,✓,✓,✓,✓,✓
Rep. Dan Goldman,NY,10,Democrat,92%,98%,✓,✓,✓,✓,✓,✓,✓,✓,ｘ,✓,✓,✓,✓
Rep. Nicole Malliotakis,NY,11,Republican,15%,24%,ｘ,ｘ,ｘ,ｘ,ｘ,ｘ,✓,ｘ,ｘ,ｘ,ｘ,✓,ｘ
Rep. Jerrold Nadler,NY,12,Democrat,100%,99%,✓,✓,✓,✓,✓,✓,✓,✓,✓,✓,◯,◯,✓
Rep. Adriano Espaillat,NY,13,Democrat,100%,99%,✓,✓,✓,✓,✓,✓,✓,✓,✓,✓,✓,✓,✓
Rep. Alexandria Ocasio-Cortez,NY,14,Democrat,100%,92%,✓,✓,✓,✓,✓,✓,✓,✓,✓,✓,✓,✓,✓
Rep. Ritchie Torres,NY,15,Democrat,92%,99%,✓,✓,✓,✓,✓,✓,✓,✓,ｘ,✓,✓,✓,✓
Rep. George Latimer,NY,16,Democrat,92%,92%,✓,✓,✓,✓,✓,✓,✓,✓,ｘ,✓,✓,✓,✓
Rep. Michael Lawler,NY,17,Republican,8%,23%,ｘ,ｘ,ｘ,ｘ,ｘ,ｘ,ｘ,ｘ,◯,ｘ,ｘ,✓,ｘ
Rep. Patrick Ryan,NY,18,Democrat,92%,96%,✓,✓,✓,✓,✓,✓,✓,✓,ｘ,✓,✓,✓,✓
Rep. Josh Riley,NY,19,Democrat,92%,92%,✓,✓,✓,✓,✓,✓,✓,✓,ｘ,✓,✓,✓,✓
Rep. Paul Tonko,NY,20,Democrat,100%,99%,✓,✓,✓,✓,✓,✓,✓,✓,✓,✓,✓,✓,✓
Rep. Elise Stefanik,NY,21,Republican,0%,29%,ｘ,ｘ,ｘ,ｘ,ｘ,ｘ,ｘ,ｘ,ｘ,ｘ,ｘ,ｘ,ｘ
Rep. John W. Mannion,NY,22,Democrat,92%,92%,✓,✓,✓,✓,✓,✓,✓,✓,ｘ,✓,✓,✓,✓
Rep. Nick Langworthy,NY,23,Republican,0%,10%,ｘ,ｘ,ｘ,ｘ,ｘ,ｘ,ｘ,ｘ,ｘ,ｘ,ｘ,ｘ,ｘ
Rep. Claudia Tenney,NY,24,Republican,0%,15%,ｘ,ｘ,ｘ,ｘ,ｘ,ｘ,ｘ,ｘ,ｘ,ｘ,ｘ,ｘ,ｘ
Rep. Joe Morelle,NY,25,Democrat,100%,100%,✓,✓,✓,✓,✓,✓,✓,✓,✓,✓,✓,✓,✓
Rep. Timothy M. Kennedy,NY,26,Democrat,100%,100%,✓,✓,✓,✓,✓,✓,✓,✓,✓,✓,✓,✓,✓
Rep. Greg Landsman,OH,1,Democrat,92%,93%,✓,✓,✓,✓,✓,✓,✓,✓,ｘ,✓,✓,✓,✓
Rep. David J. Taylor,OH,2,Republican,0%,0%,ｘ,ｘ,ｘ,ｘ,ｘ,ｘ,ｘ,ｘ,ｘ,ｘ,ｘ,ｘ,ｘ
Rep. Joyce Beatty,OH,3,Democrat,100%,98%,✓,✓,✓,✓,✓,✓,◯,✓,✓,✓,✓,✓,✓
Rep. Jim Jordan,OH,4,Republican,0%,5%,ｘ,ｘ,ｘ,ｘ,ｘ,ｘ,ｘ,ｘ,ｘ,ｘ,ｘ,ｘ,ｘ
Rep. Robert E. Latta,OH,5,Republican,0%,8%,ｘ,ｘ,ｘ,ｘ,ｘ,ｘ,ｘ,ｘ,ｘ,ｘ,ｘ,ｘ,ｘ
Rep. Michael A. Rulli,OH,6,Republican,0%,8%,ｘ,ｘ,ｘ,ｘ,ｘ,ｘ,ｘ,ｘ,ｘ,ｘ,ｘ,ｘ,ｘ
Rep. Max Miller,OH,7,Republican,0%,14%,ｘ,ｘ,ｘ,ｘ,ｘ,ｘ,ｘ,ｘ,ｘ,ｘ,◯,ｘ,ｘ
Rep. Warren Davidson,OH,8,Republican,8%,6%,ｘ,ｘ,ｘ,ｘ,ｘ,✓,ｘ,ｘ,ｘ,ｘ,ｘ,ｘ,ｘ
Rep. Marcy Kaptur,OH,9,Democrat,100%,98%,✓,✓,✓,✓,✓,✓,✓,✓,✓,✓,✓,✓,✓
Rep. Michael R. Turner,OH,10,Republican,31%,31%,ｘ,ｘ,✓,ｘ,ｘ,ｘ,✓,ｘ,ｘ,✓,ｘ,✓,ｘ
Rep. Shontel Brown,OH,11,Democrat,100%,100%,✓,✓,✓,✓,✓,✓,✓,✓,✓,✓,✓,✓,✓
Rep. Troy Balderson,OH,12,Republican,0%,17%,ｘ,ｘ,ｘ,ｘ,ｘ,ｘ,ｘ,ｘ,ｘ,ｘ,ｘ,ｘ,ｘ
Rep. Emilia Sykes,OH,13,Democrat,100%,100%,✓,✓,✓,✓,✓,✓,✓,✓,✓,✓,✓,✓,✓
Rep. Dave Joyce,OH,14,Republican,8%,36%,ｘ,ｘ,ｘ,ｘ,ｘ,ｘ,ｘ,ｘ,ｘ,ｘ,ｘ,✓,ｘ
Rep. Mike Carey,OH,15,Republican,0%,17%,ｘ,ｘ,ｘ,ｘ,ｘ,ｘ,ｘ,ｘ,ｘ,ｘ,ｘ,ｘ,ｘ
Rep. Kevin Hern,OK,1,Republican,0%,6%,ｘ,ｘ,ｘ,ｘ,ｘ,ｘ,ｘ,ｘ,ｘ,ｘ,ｘ,ｘ,ｘ
Rep. Josh Brecheen,OK,2,Republican,0%,0%,ｘ,ｘ,ｘ,ｘ,ｘ,ｘ,ｘ,ｘ,ｘ,ｘ,ｘ,ｘ,ｘ
Rep. Frank D. Lucas,OK,3,Republican,0%,14%,ｘ,ｘ,ｘ,ｘ,ｘ,ｘ,ｘ,ｘ,ｘ,ｘ,ｘ,ｘ,ｘ
Rep. Tom Cole,OK,4,Republican,0%,18%,ｘ,ｘ,ｘ,ｘ,ｘ,ｘ,ｘ,ｘ,ｘ,ｘ,ｘ,ｘ,ｘ
Rep. Stephanie Bice,OK,5,Republican,0%,9%,ｘ,ｘ,ｘ,ｘ,ｘ,ｘ,ｘ,ｘ,ｘ,ｘ,ｘ,ｘ,ｘ
Rep. Suzanne Bonamici,OR,1,Democrat,100%,97%,✓,✓,✓,✓,✓,✓,✓,✓,✓,✓,✓,✓,✓
Rep. Cliff Bentz,OR,2,Republican,0%,5%,ｘ,ｘ,ｘ,ｘ,ｘ,ｘ,ｘ,ｘ,ｘ,ｘ,ｘ,ｘ,ｘ
Rep. Maxine Dexter,OR,3,Democrat,100%,100%,✓,✓,✓,✓,✓,✓,✓,✓,✓,✓,✓,✓,✓
Rep. Valerie Hoyle,OR,4,Democrat,100%,100%,✓,✓,✓,✓,✓,✓,✓,✓,✓,✓,✓,✓,✓
Rep. Janelle S. Bynum,OR,5,Democrat,92%,92%,✓,✓,✓,✓,✓,✓,✓,✓,ｘ,✓,✓,✓,✓
Rep. Andrea Salinas,OR,6,Democrat,100%,98%,✓,✓,✓,✓,✓,✓,✓,✓,✓,✓,✓,✓,✓
Rep. Brian Fitzpatrick,PA,1,Republican,46%,58%,✓,✓,ｘ,ｘ,ｘ,ｘ,✓,✓,ｘ,✓,ｘ,✓,ｘ
Rep. Brendan Boyle,PA,2,Democrat,92%,97%,✓,✓,✓,✓,✓,✓,✓,✓,ｘ,✓,✓,✓,✓
Rep. Dwight Evans,PA,3,Democrat,100%,99%,✓,✓,✓,✓,✓,✓,✓,✓,✓,✓,✓,✓,✓
Rep. Madeleine Dean,PA,4,Democrat,100%,100%,✓,✓,✓,✓,✓,✓,✓,✓,✓,✓,✓,✓,✓
Rep. Mary Gay Scanlon,PA,5,Democrat,100%,100%,✓,✓,✓,✓,✓,✓,✓,✓,✓,✓,✓,✓,✓
Rep. Chrissy Houlahan,PA,6,Democrat,92%,97%,✓,✓,✓,✓,✓,✓,✓,✓,ｘ,✓,✓,✓,✓
Rep. Ryan Mackenzie,PA,7,Republican,8%,8%,ｘ,ｘ,ｘ,ｘ,ｘ,ｘ,ｘ,ｘ,ｘ,ｘ,ｘ,✓,ｘ
"Rep. Robert P. Bresnahan, Jr.",PA,8,Republican,8%,8%,ｘ,ｘ,ｘ,ｘ,ｘ,ｘ,ｘ,ｘ,ｘ,ｘ,ｘ,✓,ｘ
Rep. Daniel Meuser,PA,9,Republican,0%,12%,ｘ,ｘ,ｘ,ｘ,ｘ,ｘ,ｘ,ｘ,ｘ,ｘ,ｘ,ｘ,ｘ
Rep. Scott Perry,PA,10,Republican,0%,6%,ｘ,ｘ,ｘ,ｘ,ｘ,ｘ,ｘ,ｘ,◯,ｘ,ｘ,ｘ,ｘ
Rep. Lloyd Smucker,PA,11,Republican,0%,9%,ｘ,ｘ,ｘ,ｘ,ｘ,ｘ,ｘ,ｘ,ｘ,ｘ,◯,ｘ,ｘ
Rep. Summer Lee,PA,12,Democrat,100%,100%,✓,✓,✓,✓,✓,✓,✓,✓,✓,✓,✓,✓,✓
Rep. John Joyce,PA,13,Republican,0%,9%,ｘ,ｘ,ｘ,ｘ,ｘ,ｘ,ｘ,ｘ,ｘ,ｘ,ｘ,ｘ,ｘ
Rep. Guy Reschenthaler,PA,14,Republican,0%,17%,ｘ,ｘ,ｘ,ｘ,ｘ,ｘ,ｘ,ｘ,ｘ,ｘ,ｘ,ｘ,ｘ
Rep. Glenn Thompson,PA,15,Republican,0%,14%,ｘ,ｘ,ｘ,ｘ,ｘ,ｘ,ｘ,ｘ,ｘ,ｘ,ｘ,ｘ,ｘ
Rep. Mike Kelly,PA,16,Republican,0%,19%,ｘ,◯,ｘ,ｘ,ｘ,ｘ,ｘ,ｘ,ｘ,ｘ,ｘ,ｘ,ｘ
Rep. Chris Deluzio,PA,17,Democrat,100%,100%,✓,✓,✓,✓,✓,✓,✓,✓,✓,✓,✓,✓,✓
Rep. Gabe Amo,RI,1,Democrat,100%,100%,✓,✓,✓,✓,✓,✓,✓,✓,✓,✓,✓,✓,✓
Rep. Seth Magaziner,RI,2,Democrat,100%,100%,✓,✓,✓,✓,✓,✓,✓,✓,✓,✓,✓,✓,✓
Rep. Nancy Mace,SC,1,Republican,0%,4%,ｘ,ｘ,ｘ,ｘ,ｘ,ｘ,ｘ,ｘ,ｘ,ｘ,ｘ,ｘ,ｘ
Rep. Joe Wilson,SC,2,Republican,0%,10%,◯,ｘ,ｘ,ｘ,ｘ,ｘ,ｘ,ｘ,ｘ,ｘ,ｘ,ｘ,ｘ
Rep. Sheri Biggs,SC,3,Republican,0%,0%,ｘ,ｘ,ｘ,ｘ,ｘ,ｘ,ｘ,ｘ,ｘ,ｘ,ｘ,ｘ,ｘ
Rep. William Timmons,SC,4,Republican,0%,5%,ｘ,ｘ,ｘ,ｘ,ｘ,ｘ,ｘ,ｘ,ｘ,ｘ,ｘ,ｘ,ｘ
Rep. Ralph Norman,SC,5,Republican,0%,3%,ｘ,ｘ,ｘ,ｘ,ｘ,ｘ,ｘ,ｘ,ｘ,ｘ,ｘ,ｘ,ｘ
Rep. James E. Clyburn,SC,6,Democrat,100%,97%,✓,✓,✓,✓,✓,✓,✓,✓,✓,✓,✓,✓,✓
Rep. Russell Fry,SC,7,Republican,0%,2%,ｘ,ｘ,ｘ,ｘ,ｘ,ｘ,ｘ,ｘ,ｘ,ｘ,ｘ,ｘ,ｘ
Rep. Dusty Johnson,SD,0,Republican,0%,9%,ｘ,ｘ,ｘ,ｘ,ｘ,ｘ,ｘ,ｘ,ｘ,ｘ,ｘ,ｘ,ｘ
Rep. Diana Harshbarger,TN,1,Republican,0%,3%,ｘ,ｘ,ｘ,ｘ,ｘ,ｘ,ｘ,ｘ,ｘ,ｘ,ｘ,ｘ,ｘ
Rep. Tim Burchett,TN,2,Republican,0%,9%,ｘ,ｘ,ｘ,ｘ,ｘ,ｘ,ｘ,ｘ,ｘ,ｘ,ｘ,ｘ,ｘ
Rep. Chuck Fleischmann,TN,3,Republican,0%,11%,ｘ,ｘ,ｘ,ｘ,ｘ,ｘ,ｘ,ｘ,ｘ,ｘ,ｘ,ｘ,ｘ
Rep. Scott DesJarlais,TN,4,Republican,0%,8%,ｘ,ｘ,ｘ,ｘ,ｘ,ｘ,ｘ,ｘ,ｘ,ｘ,ｘ,ｘ,ｘ
Rep. William Ogles,TN,5,Republican,0%,0%,ｘ,ｘ,ｘ,ｘ,ｘ,ｘ,ｘ,ｘ,ｘ,ｘ,ｘ,ｘ,ｘ
Rep. John Rose,TN,6,Republican,0%,6%,ｘ,ｘ,ｘ,ｘ,ｘ,ｘ,ｘ,ｘ,ｘ,ｘ,ｘ,ｘ,ｘ
Rep. Mark Green,TN,7,Republican,0%,9%,ｘ,ｘ,ｘ,ｘ,ｘ,ｘ,ｘ,ｘ,◯,◯,,,
Rep. Matt Van Epps,TN,7,Republican,0%,0%,,,,,,,,,,,ｘ,ｘ,ｘ
Rep. David Kustoff,TN,8,Republican,0%,11%,ｘ,ｘ,ｘ,ｘ,ｘ,ｘ,ｘ,ｘ,ｘ,ｘ,ｘ,ｘ,ｘ
Rep. Steve Cohen,TN,9,Democrat,100%,98%,✓,✓,✓,✓,✓,✓,✓,✓,✓,✓,✓,✓,✓
Rep. Nathaniel Moran,TX,1,Republican,0%,2%,ｘ,ｘ,ｘ,ｘ,ｘ,ｘ,ｘ,ｘ,ｘ,ｘ,ｘ,ｘ,ｘ
Rep. Dan Crenshaw,TX,2,Republican,0%,13%,ｘ,ｘ,ｘ,ｘ,ｘ,ｘ,ｘ,ｘ,ｘ,ｘ,ｘ,ｘ,ｘ
Rep. Keith Self,TX,3,Republican,0%,4%,ｘ,ｘ,ｘ,ｘ,ｘ,ｘ,ｘ,ｘ,ｘ,ｘ,ｘ,ｘ,ｘ
Rep. Pat Fallon,TX,4,Republican,0%,3%,ｘ,ｘ,ｘ,ｘ,ｘ,ｘ,ｘ,ｘ,ｘ,ｘ,ｘ,ｘ,ｘ
Rep. Lance Gooden,TX,5,Republican,0%,8%,ｘ,ｘ,ｘ,ｘ,ｘ,ｘ,ｘ,ｘ,ｘ,ｘ,ｘ,ｘ,ｘ
Rep. Jake Ellzey,TX,6,Republican,0%,7%,ｘ,ｘ,ｘ,ｘ,ｘ,ｘ,ｘ,ｘ,ｘ,ｘ,ｘ,ｘ,ｘ
Rep. Lizzie Fletcher,TX,7,Democrat,100%,100%,✓,✓,✓,✓,✓,✓,✓,✓,✓,✓,✓,✓,✓
Rep. Morgan Luttrell,TX,8,Republican,0%,4%,ｘ,ｘ,ｘ,ｘ,ｘ,ｘ,ｘ,ｘ,ｘ,ｘ,ｘ,ｘ,ｘ
Rep. Al Green,TX,9,Democrat,100%,99%,✓,✓,✓,✓,✓,✓,✓,✓,✓,✓,✓,✓,✓
Rep. Michael McCaul,TX,10,Republican,0%,12%,ｘ,ｘ,ｘ,ｘ,ｘ,ｘ,ｘ,ｘ,ｘ,ｘ,ｘ,ｘ,ｘ
Rep. August Pfluger,TX,11,Republican,0%,3%,ｘ,ｘ,ｘ,ｘ,ｘ,ｘ,ｘ,ｘ,ｘ,ｘ,ｘ,ｘ,ｘ
Rep. Craig A. Goldman,TX,12,Republican,0%,0%,ｘ,ｘ,ｘ,ｘ,ｘ,ｘ,ｘ,ｘ,ｘ,ｘ,ｘ,ｘ,ｘ
Rep. Ronny Jackson,TX,13,Republican,0%,3%,ｘ,ｘ,ｘ,ｘ,ｘ,ｘ,ｘ,ｘ,ｘ,ｘ,ｘ,ｘ,ｘ
Rep. Randy Weber,TX,14,Republican,0%,8%,ｘ,ｘ,ｘ,ｘ,ｘ,ｘ,ｘ,ｘ,ｘ,ｘ,ｘ,ｘ,ｘ
Rep. Mónica De La Cruz,TX,15,Republican,0%,7%,ｘ,◯,ｘ,ｘ,◯,ｘ,ｘ,ｘ,ｘ,ｘ,ｘ,ｘ,ｘ
Rep. Veronica Escobar,TX,16,Democrat,100%,99%,✓,✓,✓,✓,✓,✓,✓,✓,✓,✓,✓,✓,✓
Rep. Pete Sessions,TX,17,Republican,0%,7%,ｘ,ｘ,ｘ,ｘ,ｘ,ｘ,ｘ,ｘ,ｘ,ｘ,ｘ,ｘ,ｘ
Rep. Sylvester Turner,TX,18,Democrat,100%,100%,✓,✓,,,,,,,,,,,
Rep. Jodey Arrington,TX,19,Republican,0%,7%,ｘ,ｘ,ｘ,ｘ,ｘ,ｘ,ｘ,ｘ,ｘ,ｘ,ｘ,ｘ,ｘ
Rep. Joaquín Castro,TX,20,Democrat,100%,98%,✓,✓,✓,✓,✓,✓,✓,✓,✓,✓,✓,✓,✓
Rep. Chip Roy,TX,21,Republican,0%,5%,ｘ,ｘ,ｘ,ｘ,ｘ,ｘ,ｘ,ｘ,ｘ,ｘ,ｘ,ｘ,ｘ
Rep. Troy Nehls,TX,22,Republican,0%,3%,ｘ,ｘ,ｘ,ｘ,ｘ,ｘ,ｘ,ｘ,ｘ,ｘ,ｘ,ｘ,ｘ
Rep. Tony Gonzales,TX,23,Republican,0%,8%,ｘ,ｘ,ｘ,ｘ,ｘ,ｘ,ｘ,ｘ,ｘ,ｘ,ｘ,ｘ,ｘ
Rep. Beth Van Duyne,TX,24,Republican,0%,1%,ｘ,ｘ,ｘ,ｘ,ｘ,ｘ,ｘ,ｘ,ｘ,ｘ,ｘ,ｘ,ｘ
Rep. Roger Williams,TX,25,Republican,0%,8%,ｘ,ｘ,ｘ,ｘ,ｘ,ｘ,ｘ,ｘ,ｘ,ｘ,ｘ,ｘ,ｘ
Rep. Brandon Gill,TX,26,Republican,0%,0%,ｘ,ｘ,ｘ,ｘ,ｘ,ｘ,ｘ,ｘ,ｘ,ｘ,ｘ,ｘ,ｘ
Rep. Michael Cloud,TX,27,Republican,0%,6%,ｘ,ｘ,ｘ,ｘ,ｘ,ｘ,ｘ,ｘ,ｘ,ｘ,ｘ,ｘ,ｘ
Rep. Henry Cuellar,TX,28,Democrat,77%,73%,✓,ｘ,✓,✓,ｘ,✓,✓,✓,ｘ,✓,✓,✓,✓
Rep. Sylvia Garcia,TX,29,Democrat,100%,99%,✓,✓,✓,✓,✓,✓,✓,✓,✓,✓,✓,✓,✓
Rep. Jasmine Crockett,TX,30,Democrat,100%,100%,✓,✓,✓,✓,✓,✓,✓,✓,✓,✓,✓,✓,✓
Rep. John Carter,TX,31,Republican,0%,10%,ｘ,ｘ,ｘ,ｘ,ｘ,ｘ,ｘ,ｘ,ｘ,ｘ,ｘ,ｘ,ｘ
Rep. Julie Johnson,TX,32,Democrat,92%,92%,✓,✓,✓,✓,✓,✓,✓,✓,ｘ,✓,✓,✓,✓
Rep. Marc Veasey,TX,33,Democrat,92%,98%,✓,✓,✓,✓,✓,✓,✓,✓,ｘ,✓,✓,✓,✓
Rep. Vicente Gonzalez,TX,34,Democrat,85%,93%,ｘ,✓,✓,✓,✓,✓,✓,✓,ｘ,✓,✓,✓,✓
Rep. Greg Casar,TX,35,Democrat,100%,100%,✓,✓,✓,✓,✓,✓,✓,✓,✓,✓,✓,✓,✓
Rep. Brian Babin,TX,36,Republican,0%,10%,ｘ,ｘ,ｘ,ｘ,ｘ,ｘ,ｘ,ｘ,ｘ,ｘ,ｘ,ｘ,ｘ
Rep. Lloyd Doggett,TX,37,Democrat,100%,97%,✓,✓,✓,✓,✓,✓,✓,✓,✓,✓,✓,✓,✓
Rep. Wesley Hunt,TX,38,Republican,0%,2%,ｘ,ｘ,ｘ,ｘ,ｘ,ｘ,ｘ,ｘ,ｘ,ｘ,ｘ,ｘ,ｘ
Rep. Blake Moore,UT,1,Republican,0%,5%,ｘ,ｘ,ｘ,ｘ,ｘ,ｘ,ｘ,ｘ,ｘ,ｘ,ｘ,ｘ,ｘ
Rep. Celeste Maloy,UT,2,Republican,0%,6%,ｘ,ｘ,ｘ,ｘ,ｘ,ｘ,ｘ,ｘ,ｘ,ｘ,ｘ,ｘ,ｘ
Rep. Mike Kennedy,UT,3,Republican,0%,0%,ｘ,ｘ,ｘ,ｘ,ｘ,ｘ,ｘ,ｘ,ｘ,ｘ,ｘ,ｘ,ｘ
Rep. Burgess Owens,UT,4,Republican,0%,6%,ｘ,ｘ,ｘ,ｘ,ｘ,ｘ,ｘ,ｘ,ｘ,ｘ,ｘ,ｘ,ｘ
Rep. Robert J. Wittman,VA,1,Republican,0%,13%,ｘ,ｘ,ｘ,ｘ,ｘ,ｘ,ｘ,ｘ,ｘ,ｘ,ｘ,ｘ,ｘ
Rep. Jennifer Kiggans,VA,2,Republican,0%,11%,ｘ,ｘ,ｘ,ｘ,ｘ,ｘ,ｘ,ｘ,ｘ,ｘ,ｘ,ｘ,ｘ
Rep. Robert C. Scott,VA,3,Democrat,100%,98%,✓,✓,✓,✓,✓,✓,✓,✓,✓,✓,✓,✓,✓
Rep. Jennifer McClellan,VA,4,Democrat,100%,98%,✓,✓,✓,✓,✓,✓,✓,✓,✓,✓,✓,✓,✓
Rep. John J. McGuire III,VA,5,Republican,0%,0%,ｘ,ｘ,ｘ,ｘ,ｘ,ｘ,ｘ,ｘ,ｘ,ｘ,ｘ,ｘ,ｘ
Rep. Ben Cline,VA,6,Republican,0%,8%,ｘ,ｘ,ｘ,ｘ,ｘ,ｘ,ｘ,ｘ,ｘ,ｘ,ｘ,ｘ,ｘ
Rep. Eugene Simon Vindman,VA,7,Democrat,92%,92%,✓,✓,✓,✓,✓,✓,✓,✓,ｘ,✓,✓,✓,✓
Rep. Donald Beyer,VA,8,Democrat,100%,96%,✓,✓,✓,✓,✓,✓,✓,✓,✓,✓,✓,✓,✓
Rep. Morgan Griffith,VA,9,Republican,0%,12%,ｘ,ｘ,ｘ,ｘ,ｘ,ｘ,ｘ,ｘ,ｘ,ｘ,ｘ,ｘ,ｘ
Rep. Suhas Subramanyam,VA,10,Democrat,92%,92%,✓,✓,✓,✓,✓,✓,✓,✓,ｘ,✓,✓,✓,✓
Rep. Gerald E. Connolly,VA,11,Democrat,100%,94%,✓,✓,✓,✓,✓,,,,,,,,
Rep. James R. Walkinshaw,VA,11,Democrat,100%,100%,,,,,,,,,,,✓,✓,✓
Rep. Becca Balint,VT,0,Democrat,100%,100%,✓,✓,✓,✓,✓,✓,✓,✓,✓,✓,✓,✓,✓
Rep. Suzan K. DelBene,WA,1,Democrat,92%,96%,✓,✓,✓,✓,✓,✓,✓,✓,ｘ,✓,✓,✓,✓
Rep. Rick Larsen,WA,2,Democrat,100%,95%,✓,✓,✓,✓,✓,✓,✓,✓,✓,✓,✓,✓,✓
Rep. Marie Gluesenkamp Perez,WA,3,Democrat,85%,77%,✓,✓,✓,✓,ｘ,✓,✓,✓,ｘ,✓,✓,✓,✓
Rep. Dan Newhouse,WA,4,Republican,0%,22%,ｘ,ｘ,ｘ,ｘ,ｘ,ｘ,ｘ,ｘ,ｘ,ｘ,ｘ,ｘ,ｘ
Rep. Michael Baumgartner,WA,5,Republican,0%,0%,ｘ,ｘ,ｘ,ｘ,ｘ,ｘ,ｘ,ｘ,ｘ,ｘ,ｘ,ｘ,ｘ
Rep. Emily Randall,WA,6,Democrat,100%,100%,✓,✓,✓,✓,✓,✓,◯,✓,✓,✓,✓,✓,✓
Rep. Pramila Jayapal,WA,7,Democrat,100%,97%,✓,✓,✓,✓,✓,✓,✓,✓,✓,✓,✓,✓,✓
Rep. Kim Schrier,WA,8,Democrat,92%,98%,✓,✓,✓,✓,✓,✓,✓,✓,ｘ,✓,✓,✓,✓
Rep. Adam Smith,WA,9,Democrat,100%,96%,✓,✓,✓,✓,✓,✓,✓,✓,✓,✓,✓,✓,✓
Rep. Marilyn Strickland,WA,10,Democrat,92%,99%,✓,✓,✓,✓,✓,✓,✓,✓,ｘ,✓,✓,✓,✓
Rep. Bryan Steil,WI,1,Republican,0%,12%,ｘ,ｘ,ｘ,ｘ,ｘ,ｘ,ｘ,ｘ,ｘ,ｘ,ｘ,ｘ,ｘ
Rep. Mark Pocan,WI,2,Democrat,100%,99%,✓,✓,✓,✓,✓,✓,✓,✓,✓,✓,✓,✓,✓
Rep. Derrick Van Orden,WI,3,Republican,8%,11%,ｘ,ｘ,ｘ,ｘ,ｘ,ｘ,ｘ,ｘ,ｘ,ｘ,ｘ,✓,ｘ
Rep. Gwen Moore,WI,4,Democrat,100%,97%,✓,✓,✓,✓,✓,✓,✓,✓,✓,✓,✓,✓,✓
Rep. Scott Fitzgerald,WI,5,Republican,0%,3%,ｘ,ｘ,ｘ,ｘ,ｘ,ｘ,ｘ,ｘ,ｘ,ｘ,ｘ,ｘ,ｘ
Rep. Glenn Grothman,WI,6,Republican,0%,8%,ｘ,ｘ,ｘ,ｘ,ｘ,ｘ,ｘ,ｘ,ｘ,ｘ,ｘ,ｘ,ｘ
Rep. Tom Tiffany,WI,7,Republican,0%,5%,ｘ,ｘ,ｘ,ｘ,ｘ,ｘ,ｘ,ｘ,ｘ,ｘ,ｘ,ｘ,ｘ
Rep. Tony Wied,WI,8,Republican,0%,0%,ｘ,ｘ,ｘ,ｘ,ｘ,ｘ,ｘ,ｘ,ｘ,ｘ,ｘ,ｘ,ｘ
Rep. Carol Miller,WV,1,Republican,0%,13%,ｘ,ｘ,ｘ,ｘ,ｘ,ｘ,ｘ,ｘ,ｘ,ｘ,ｘ,ｘ,ｘ
Rep. Riley M. Moore,WV,2,Republican,0%,0%,ｘ,ｘ,ｘ,ｘ,ｘ,ｘ,ｘ,ｘ,ｘ,ｘ,ｘ,ｘ,ｘ
Rep. Harriet Hageman,WY,0,Republican,0%,5%,ｘ,ｘ,ｘ,ｘ,ｘ,ｘ,ｘ,ｘ,ｘ,ｘ,ｘ,ｘ,ｘ
