Name,State,Party,Score,Lifetime Score,"H.R. 1968, Full-Year Continuing Appropriations and Extensions Act (H.R. 1968)","S.Con.Res.7, Senate 2025 Budget Resolution (S.Con.Res.7)","S.J.Res.37, A Joint Resolution Terminating the National Emergency Declared to Impose Duties on Articles Imported from Canada (S.J.Res.37)",Letter to President Trump demanding reinstatement of NLRB Member Gwynn Wilcox,"S.1582, GENIUS Act (S.1582)","H.R. 1, One Big Beautiful Bill Act (H.R. 1)",Nomination of Emil Bove (PN346-2),"S. 3386, Health Care Freedom for Patients Act (S. 3386)","S. 3385, Lower Health Care Costs Act (S. 3385)"
Sen. Lisa Murkowski,AK,Republican,33%,39%,ｘ,ｘ,✓,ｘ,ｘ,ｘ,✓,ｘ,✓
Sen. Dan Sullivan,AK,Republican,11%,22%,ｘ,ｘ,ｘ,ｘ,ｘ,ｘ,ｘ,ｘ,✓
Sen. Katie Britt,AL,Republican,0%,0%,ｘ,ｘ,ｘ,ｘ,ｘ,ｘ,ｘ,ｘ,ｘ
Sen. Tommy Tuberville,AL,Republican,0%,5%,ｘ,ｘ,ｘ,ｘ,ｘ,ｘ,ｘ,ｘ,ｘ
Sen. John Boozman,AR,Republican,0%,13%,ｘ,ｘ,ｘ,ｘ,ｘ,ｘ,ｘ,ｘ,ｘ
Sen. Tom Cotton,AR,Republican,0%,11%,ｘ,ｘ,ｘ,ｘ,ｘ,ｘ,ｘ,ｘ,ｘ
Sen. Ruben Gallego,AZ,Democrat,100%,98%,✓,✓,✓,✓,✓,✓,✓,✓,✓
Sen. Mark Kelly,AZ,Democrat,100%,98%,✓,✓,✓,✓,✓,✓,✓,✓,✓
Sen. Alex Padilla,CA,Democrat,100%,100%,✓,✓,✓,✓,✓,✓,✓,✓,✓
Sen. Adam B. Schiff,CA,Democrat,100%,98%,✓,✓,✓,✓,✓,✓,✓,✓,✓
Sen. Michael Bennet,CO,Democrat,100%,93%,✓,✓,✓,✓,✓,✓,✓,✓,✓
Sen. John Hickenlooper,CO,Democrat,100%,100%,✓,✓,✓,✓,✓,✓,✓,✓,✓
Sen. Richard Blumenthal,CT,Democrat,100%,99%,✓,✓,✓,✓,✓,✓,✓,✓,✓
Sen. Christopher S. Murphy,CT,Democrat,100%,99%,✓,✓,✓,✓,✓,✓,✓,✓,✓
Sen. Lisa Blunt Rochester,DE,Democrat,100%,98%,✓,✓,✓,✓,✓,✓,✓,✓,✓
Sen. Christopher A. Coons,DE,Democrat,100%,95%,✓,✓,✓,✓,✓,✓,✓,✓,✓
Sen. Ashley Moody,FL,Republican,0%,0%,ｘ,ｘ,ｘ,ｘ,ｘ,ｘ,ｘ,ｘ,ｘ
Sen. Marco Rubio,FL,Republican,0%,11%,,,,,,,,,
Sen. Rick Scott,FL,Republican,0%,9%,ｘ,ｘ,ｘ,ｘ,ｘ,ｘ,ｘ,ｘ,ｘ
Sen. Jon Ossoff,GA,Democrat,100%,100%,✓,✓,✓,✓,✓,✓,✓,✓,✓
Sen. Raphael Warnock,GA,Democrat,100%,100%,✓,✓,✓,✓,✓,✓,✓,✓,✓
Sen. Mazie K. Hirono,HI,Democrat,100%,100%,✓,✓,✓,✓,✓,✓,✓,✓,✓
Sen. Brian Schatz,HI,Democrat,100%,99%,✓,✓,✓,✓,✓,✓,✓,✓,✓
Sen. Joni Ernst,IA,Republican,0%,16%,ｘ,ｘ,ｘ,ｘ,ｘ,ｘ,ｘ,ｘ,ｘ
Sen. Charles E. Grassley,IA,Republican,0%,17%,ｘ,ｘ,ｘ,ｘ,ｘ,ｘ,ｘ,ｘ,ｘ
Sen. Michael D. Crapo,ID,Republican,0%,11%,ｘ,ｘ,ｘ,ｘ,ｘ,ｘ,ｘ,ｘ,ｘ
Sen. Jim Risch,ID,Republican,0%,10%,ｘ,ｘ,ｘ,ｘ,ｘ,ｘ,ｘ,ｘ,ｘ
Sen. Tammy Duckworth,IL,Democrat,100%,99%,✓,✓,✓,✓,✓,✓,✓,✓,✓
Sen. Richard J. Durbin,IL,Democrat,100%,98%,✓,✓,✓,✓,✓,✓,✓,✓,✓
Sen. Jim Banks,IN,Republican,0%,8%,ｘ,ｘ,ｘ,ｘ,ｘ,ｘ,ｘ,ｘ,ｘ
Sen. Todd Young,IN,Republican,0%,13%,ｘ,ｘ,ｘ,ｘ,ｘ,ｘ,ｘ,ｘ,ｘ
Sen. Roger Marshall,KS,Republican,0%,14%,ｘ,ｘ,◯,ｘ,ｘ,ｘ,ｘ,ｘ,ｘ
Sen. Jerry Moran,KS,Republican,0%,17%,ｘ,ｘ,ｘ,ｘ,ｘ,ｘ,ｘ,ｘ,ｘ
Sen. Mitch McConnell,KY,Republican,11%,16%,ｘ,ｘ,✓,ｘ,ｘ,ｘ,ｘ,ｘ,ｘ
Sen. Rand Paul,KY,Republican,56%,13%,ｘ,✓,✓,✓,ｘ,✓,ｘ,✓,ｘ
Sen. Bill Cassidy,LA,Republican,0%,13%,ｘ,ｘ,ｘ,ｘ,ｘ,ｘ,ｘ,ｘ,ｘ
Sen. John Kennedy,LA,Republican,0%,15%,ｘ,ｘ,ｘ,ｘ,ｘ,ｘ,ｘ,ｘ,ｘ
Sen. Edward J. Markey,MA,Democrat,100%,99%,✓,✓,✓,✓,✓,✓,✓,✓,✓
Sen. Elizabeth Warren,MA,Democrat,100%,99%,✓,✓,✓,✓,✓,✓,✓,✓,✓
Sen. Angela D. Alsobrooks,MD,Democrat,100%,100%,✓,✓,✓,✓,✓,✓,✓,✓,✓
Sen. Chris Van Hollen,MD,Democrat,100%,97%,✓,✓,✓,✓,✓,✓,✓,✓,✓
Sen. Susan Collins,ME,Republican,44%,49%,ｘ,ｘ,✓,ｘ,ｘ,✓,✓,ｘ,✓
Sen. Angus King,ME,Independent,100%,97%,✓,✓,✓,✓,✓,✓,✓,✓,✓
Sen. Gary Peters,MI,Democrat,100%,97%,✓,✓,✓,✓,✓,✓,✓,✓,✓
Sen. Elissa Slotkin,MI,Democrat,100%,98%,✓,✓,✓,✓,✓,✓,✓,✓,✓
Sen. Amy Klobuchar,MN,Democrat,100%,97%,✓,✓,✓,✓,✓,✓,✓,✓,✓
Sen. Tina Smith,MN,Democrat,100%,100%,✓,✓,✓,✓,✓,✓,✓,✓,✓
Sen. Joshua Hawley,MO,Republican,11%,15%,ｘ,ｘ,ｘ,ｘ,ｘ,ｘ,ｘ,ｘ,✓
Sen. Eric Schmitt,MO,Republican,0%,9%,ｘ,ｘ,ｘ,ｘ,ｘ,ｘ,ｘ,ｘ,ｘ
Sen. Cindy Hyde-Smith,MS,Republican,0%,16%,ｘ,ｘ,ｘ,ｘ,ｘ,ｘ,ｘ,ｘ,ｘ
Sen. Roger Wicker,MS,Republican,0%,16%,ｘ,ｘ,ｘ,ｘ,ｘ,ｘ,ｘ,ｘ,ｘ
Sen. Steve Daines,MT,Republican,0%,15%,ｘ,ｘ,ｘ,ｘ,ｘ,ｘ,ｘ,◯,◯
Sen. Tim Sheehy,MT,Republican,0%,0%,ｘ,ｘ,ｘ,ｘ,ｘ,ｘ,ｘ,ｘ,ｘ
Sen. Ted Budd,NC,Republican,0%,7%,ｘ,ｘ,ｘ,ｘ,ｘ,ｘ,ｘ,ｘ,ｘ
Sen. Thom Tillis,NC,Republican,11%,19%,ｘ,ｘ,ｘ,ｘ,ｘ,✓,ｘ,ｘ,ｘ
Sen. Kevin Cramer,ND,Republican,0%,20%,ｘ,ｘ,ｘ,ｘ,ｘ,ｘ,ｘ,ｘ,ｘ
Sen. John Hoeven,ND,Republican,0%,17%,ｘ,ｘ,ｘ,ｘ,ｘ,ｘ,ｘ,ｘ,ｘ
Sen. Deb Fischer,NE,Republican,0%,15%,ｘ,ｘ,ｘ,ｘ,ｘ,ｘ,ｘ,ｘ,ｘ
Sen. Pete Ricketts,NE,Republican,0%,9%,ｘ,ｘ,ｘ,ｘ,ｘ,ｘ,ｘ,ｘ,ｘ
Sen. Margaret Hassan,NH,Democrat,100%,99%,✓,✓,✓,✓,✓,✓,✓,✓,✓
Sen. Jeanne Shaheen,NH,Democrat,100%,95%,✓,✓,✓,✓,✓,✓,✓,✓,✓
Sen. Cory Booker,NJ,Democrat,100%,99%,✓,✓,✓,✓,✓,✓,✓,✓,✓
Sen. Andy Kim,NJ,Democrat,100%,100%,✓,✓,✓,✓,✓,✓,✓,✓,✓
Sen. Martin Heinrich,NM,Democrat,100%,99%,✓,✓,✓,✓,✓,✓,✓,✓,✓
Sen. Ben Ray Luján,NM,Democrat,100%,98%,✓,✓,✓,✓,✓,✓,✓,✓,✓
Sen. Catherine Cortez Masto,NV,Democrat,100%,100%,✓,✓,✓,✓,✓,✓,✓,✓,✓
Sen. Jacky Rosen,NV,Democrat,100%,93%,✓,✓,✓,✓,✓,✓,✓,✓,✓
Sen. Kirsten E. Gillibrand,NY,Democrat,100%,97%,✓,✓,✓,✓,◯,✓,✓,✓,✓
Sen. Charles E. Schumer,NY,Democrat,100%,96%,✓,✓,✓,✓,✓,✓,✓,✓,✓
Sen. Jon Husted,OH,Republican,0%,0%,ｘ,ｘ,ｘ,ｘ,ｘ,ｘ,ｘ,ｘ,ｘ
Sen. Bernie Moreno,OH,Republican,0%,0%,ｘ,ｘ,ｘ,ｘ,ｘ,ｘ,ｘ,ｘ,ｘ
Sen. J.D. Vance,OH,Republican,0%,10%,,,,,,,,,
Sen. James Lankford,OK,Republican,0%,11%,ｘ,ｘ,ｘ,ｘ,ｘ,ｘ,ｘ,ｘ,ｘ
Sen. Markwayne Mullin,OK,Republican,0%,15%,ｘ,ｘ,ｘ,ｘ,◯,ｘ,ｘ,ｘ,ｘ
Sen. Jeff Merkley,OR,Democrat,100%,99%,✓,✓,✓,✓,✓,✓,✓,✓,✓
Sen. Ron Wyden,OR,Democrat,100%,93%,✓,✓,✓,✓,✓,✓,✓,✓,✓
Sen. John Fetterman,PA,Democrat,100%,100%,✓,✓,✓,✓,✓,✓,✓,✓,✓
Sen. David McCormick,PA,Republican,0%,0%,ｘ,ｘ,ｘ,ｘ,ｘ,ｘ,ｘ,ｘ,ｘ
Sen. Jack Reed,RI,Democrat,100%,99%,✓,✓,✓,✓,✓,✓,✓,✓,✓
Sen. Sheldon Whitehouse,RI,Democrat,100%,99%,✓,✓,✓,✓,✓,✓,✓,✓,✓
Sen. Lindsey Graham,SC,Republican,0%,23%,ｘ,ｘ,ｘ,ｘ,ｘ,ｘ,ｘ,ｘ,ｘ
Sen. Tim Scott,SC,Republican,0%,7%,ｘ,ｘ,ｘ,ｘ,ｘ,ｘ,ｘ,ｘ,ｘ
Sen. Mike Rounds,SD,Republican,0%,18%,ｘ,ｘ,ｘ,ｘ,ｘ,ｘ,ｘ,ｘ,ｘ
Sen. John Thune,SD,Republican,0%,14%,ｘ,ｘ,ｘ,ｘ,◯,ｘ,ｘ,ｘ,ｘ
Sen. Marsha Blackburn,TN,Republican,0%,6%,ｘ,ｘ,ｘ,ｘ,ｘ,ｘ,ｘ,ｘ,ｘ
Sen. Bill Hagerty,TN,Republican,0%,9%,ｘ,ｘ,ｘ,ｘ,ｘ,ｘ,◯,ｘ,ｘ
Sen. John Cornyn,TX,Republican,0%,14%,ｘ,ｘ,ｘ,ｘ,ｘ,ｘ,ｘ,ｘ,ｘ
Sen. Ted Cruz,TX,Republican,0%,9%,ｘ,ｘ,ｘ,ｘ,ｘ,ｘ,ｘ,ｘ,ｘ
Sen. John Curtis,UT,Republican,11%,14%,✓,ｘ,ｘ,ｘ,ｘ,ｘ,ｘ,ｘ,ｘ
Sen. Mike Lee,UT,Republican,11%,8%,✓,ｘ,ｘ,ｘ,ｘ,ｘ,ｘ,ｘ,ｘ
Sen. Tim Kaine,VA,Democrat,100%,94%,✓,✓,✓,✓,✓,✓,✓,✓,✓
Sen. Mark Warner,VA,Democrat,100%,91%,✓,✓,✓,✓,✓,✓,✓,✓,✓
Sen. Bernard Sanders,VT,Independent,100%,98%,✓,✓,✓,✓,◯,✓,✓,✓,✓
Sen. Peter Welch,VT,Democrat,100%,97%,✓,✓,✓,✓,✓,✓,✓,✓,✓
Sen. Maria Cantwell,WA,Democrat,100%,95%,✓,✓,✓,✓,✓,✓,✓,✓,✓
Sen. Patty Murray,WA,Democrat,100%,96%,✓,✓,✓,✓,✓,✓,✓,✓,✓
Sen. Tammy Baldwin,WI,Democrat,100%,99%,✓,✓,✓,✓,✓,✓,✓,✓,✓
Sen. Ron Johnson,WI,Republican,0%,10%,ｘ,ｘ,ｘ,ｘ,ｘ,ｘ,ｘ,ｘ,ｘ
Sen. Shelley Moore Capito,WV,Republican,0%,29%,ｘ,ｘ,ｘ,ｘ,ｘ,ｘ,ｘ,ｘ,ｘ
Sen. James C. Justice,WV,Republican,0%,0%,ｘ,ｘ,ｘ,ｘ,ｘ,ｘ,ｘ,ｘ,ｘ
Sen. John Barrasso,WY,Republican,0%,11%,ｘ,ｘ,ｘ,ｘ,ｘ,ｘ,ｘ,ｘ,ｘ
Sen. Cynthia M. Lummis,WY,Republican,0%,9%,ｘ,ｘ,ｘ,ｘ,ｘ,ｘ,ｘ,ｘ,ｘ
